{
    "lc_rmse": [
        754.5229716365131,
        475.977020506887,
        558.2391144380564,
        1431.8337212273668,
        599.684255417655
    ],
    "halc_rmse": [
        1144.3855152326369,
        1073.3543175969232,
        1098.9783585062153,
        2887.728509388339,
        1324.1021528790418
    ],
    "cs_auc": [
        0.7910859415372051,
        0.7892743512323233,
        0.8091858175951367,
        0.7980792532350831,
        0.7976142780804423
    ]
}