{"lc_rmse": [619.7211239637667, 1584.8388305992912, 506.639850604116, 355.9383198700723, 462.1176331318344], "halc_rmse": [1096.4001891938076, 922.5668103713907, 1249.4927551104174, 1408.5386579332903, 2858.550995201008], "cs_auc": [0.810034041261478, 0.8170764137631608, 0.7945254893447665, 0.8076820796700315, 0.811049061109302]}